{"cameraMode":{"drawMode":0,"name":"Shaded","section":"Shading Mode"},"sceneLighting":true,"audioPlay":false,"sceneViewState":{"showFog":true,"showMaterialUpdate":true,"showSkybox":true,"showFlares":true,"showImageEffects":true,"showParticleSystems":true},"in2DMode":false,"pivot":{"x":5.894432067871094,"y":-13.803872108459473,"z":17.351409912109376},"rotation":{"x":-0.38151538372039797,"y":0.039356958121061328,"z":-0.016261298209428788,"w":-0.9233821034431458},"size":16.0323486328125,"orthographic":false}